"scenarioId","scenarioStatus","metric","actualTB","expectedTB","deltaTB","deltaPct","metricStatus"
"das-basic","PASS","Planned Capacity","1.39","1.39","0","0","PASS"
"das-basic","PASS","File Type Size - Full","0.67","0.67","0","0","PASS"
"das-basic","PASS","File Type Size - Incremental","0.03","0.03","0","0.08","PASS"
"das-basic","PASS","File Type Size - SyntheticFull","0.03","0.03","0","0.08","PASS"
"das-retention-14","PASS","Planned Capacity","1.62","1.62","0","0","PASS"
"das-retention-14","PASS","File Type Size - Full","0.67","0.67","0","0","PASS"
"das-retention-14","PASS","File Type Size - Incremental","0.03","0.03","0","0.08","PASS"
"das-retention-14","PASS","File Type Size - SyntheticFull","0.03","0.03","0","0.08","PASS"
"sobr-moveonly","PASS","Planned Performance Tier","1.39","1.39","0","0","PASS"
"sobr-moveonly","PASS","Planned Capacity Tier","0.87","0.87","0","0.01","PASS"
"sobr-moveonly","PASS","Planned Archive Tier","0","0","0","0","PASS"
"sobr-moveonly","PASS","File Type Size - Full","0.67","0.67","0","0","PASS"
"sobr-moveonly","PASS","File Type Size - Incremental","0.03","0.03","0","0.08","PASS"
"sobr-moveonly","PASS","File Type Size - SyntheticFull","0.03","0.03","0","0.08","PASS"
"sobr-copymove","PASS","Planned Performance Tier","1.39","1.39","0","0","PASS"
"sobr-copymove","PASS","Planned Capacity Tier","1.33","1.33","0","0","PASS"
"sobr-copymove","PASS","Planned Archive Tier","0","0","0","0","PASS"
"sobr-copymove","PASS","File Type Size - Full","0.67","0.67","0","0","PASS"
"sobr-copymove","PASS","File Type Size - Incremental","0.03","0.03","0","0.08","PASS"
"sobr-copymove","PASS","File Type Size - SyntheticFull","0.03","0.03","0","0.08","PASS"
"das-gfs","PASS","Planned Capacity","1.46","1.46","0","0","PASS"
"das-gfs","PASS","File Type Size - Full","0.67","0.67","0","0","PASS"
"das-gfs","PASS","File Type Size - Incremental","0.03","0.03","0","0.08","PASS"
"das-gfs","PASS","File Type Size - SyntheticFull","0.03","0.03","0","0.08","PASS"
"sobr-gfs-archive","PASS","Planned Performance Tier","1.39","1.39","0","0","PASS"
"sobr-gfs-archive","PASS","Planned Capacity Tier","2.26","2.26","0","0","PASS"
"sobr-gfs-archive","PASS","Planned Archive Tier","0","0","0","0","PASS"
"sobr-gfs-archive","PASS","File Type Size - Full","0.67","0.67","0","0","PASS"
"sobr-gfs-archive","PASS","File Type Size - Incremental","0.03","0.03","0","0.08","PASS"
"sobr-gfs-archive","PASS","File Type Size - SyntheticFull","0.03","0.03","0","0.08","PASS"
"das-monthly-2-small-r7","PASS","Planned Capacity","1.38","1.38","0","0","PASS"
"das-monthly-2-small-r7","PASS","File Type Size - Full","0.5","0.5","0","0","PASS"
"das-monthly-2-small-r7","PASS","File Type Size - Incremental","0.03","0.03","0","0","PASS"
"das-monthly-2-small-r7","PASS","File Type Size - SyntheticFull","0.03","0.03","0","0","PASS"
"das-yearly-2-small-r7","PASS","Planned Capacity","2.52","2.52","0","0","PASS"
"das-yearly-2-small-r7","PASS","File Type Size - Full","0.5","0.5","0","0","PASS"
"das-yearly-2-small-r7","PASS","File Type Size - Incremental","0.03","0.03","0","0","PASS"
"das-yearly-2-small-r7","PASS","File Type Size - SyntheticFull","0.03","0.03","0","0","PASS"
"das-monthly-2-large-r7","PASS","Planned Capacity","22.33","22.33","0","0","PASS"
"das-monthly-2-large-r7","PASS","File Type Size - Full","6.66","6.66","0","0","PASS"
"das-monthly-2-large-r7","PASS","File Type Size - Incremental","0.67","0.67","0","0","PASS"
"das-monthly-2-large-r7","PASS","File Type Size - SyntheticFull","0.67","0.67","0","0","PASS"
"das-yearly-2-large-r7","PASS","Planned Capacity","42.31","42.31","0","0","PASS"
"das-yearly-2-large-r7","PASS","File Type Size - Full","6.66","6.66","0","0","PASS"
"das-yearly-2-large-r7","PASS","File Type Size - Incremental","0.67","0.67","0","0","PASS"
"das-yearly-2-large-r7","PASS","File Type Size - SyntheticFull","0.67","0.67","0","0","PASS"
"das-mixed-2w1m-small-r7","PASS","Planned Capacity","1.23","1.23","0","0","PASS"
"das-mixed-2w1m-small-r7","PASS","File Type Size - Full","0.5","0.5","0","0","PASS"
"das-mixed-2w1m-small-r7","PASS","File Type Size - Incremental","0.03","0.03","0","0","PASS"
"das-mixed-2w1m-small-r7","PASS","File Type Size - SyntheticFull","0.03","0.03","0","0","PASS"
"das-mixed-2w1y-small-r7","PASS","Planned Capacity","1.63","1.63","0","0","PASS"
"das-mixed-2w1y-small-r7","PASS","File Type Size - Full","0.5","0.5","0","0","PASS"
"das-mixed-2w1y-small-r7","PASS","File Type Size - Incremental","0.03","0.03","0","0","PASS"
"das-mixed-2w1y-small-r7","PASS","File Type Size - SyntheticFull","0.03","0.03","0","0","PASS"
"das-mixed-1m1y-small-r7","PASS","Planned Capacity","1.67","1.68","0","0","PASS"
"das-mixed-1m1y-small-r7","PASS","File Type Size - Full","0.5","0.5","0","0","PASS"
"das-mixed-1m1y-small-r7","PASS","File Type Size - Incremental","0.03","0.03","0","0","PASS"
"das-mixed-1m1y-small-r7","PASS","File Type Size - SyntheticFull","0.03","0.03","0","0","PASS"
"das-mixed-2w1m1y-small-r7","PASS","Planned Capacity","1.67","1.68","0","0","PASS"
"das-mixed-2w1m1y-small-r7","PASS","File Type Size - Full","0.5","0.5","0","0","PASS"
"das-mixed-2w1m1y-small-r7","PASS","File Type Size - Incremental","0.03","0.03","0","0","PASS"
"das-mixed-2w1m1y-small-r7","PASS","File Type Size - SyntheticFull","0.03","0.03","0","0","PASS"
"das-mixed-2w1m1y-large-r7","PASS","Planned Capacity","30.32","30.32","0","0","PASS"
"das-mixed-2w1m1y-large-r7","PASS","File Type Size - Full","6.66","6.66","0","0","PASS"
"das-mixed-2w1m1y-large-r7","PASS","File Type Size - Incremental","0.67","0.67","0","0","PASS"
"das-mixed-2w1m1y-large-r7","PASS","File Type Size - SyntheticFull","0.67","0.67","0","0","PASS"
"sobr-mixed-2w1m1y-small-r60","PASS","Planned Performance Tier","1.39","1.39","0","0","PASS"
"sobr-mixed-2w1m1y-small-r60","PASS","Planned Capacity Tier","2.56","2.56","0","0","PASS"
"sobr-mixed-2w1m1y-small-r60","PASS","Planned Archive Tier","0.64","0.64","0","0","PASS"
"sobr-mixed-2w1m1y-small-r60","PASS","File Type Size - Full","0.67","0.67","0","0","PASS"
"sobr-mixed-2w1m1y-small-r60","PASS","File Type Size - Incremental","0.03","0.03","0","0.08","PASS"
"sobr-mixed-2w1m1y-small-r60","PASS","File Type Size - SyntheticFull","0.03","0.03","0","0.08","PASS"
"sobr-mixed-1m1y-small-r60","PASS","Planned Performance Tier","1.39","1.39","0","0","PASS"
"sobr-mixed-1m1y-small-r60","PASS","Planned Capacity Tier","2.56","2.56","0","0","PASS"
"sobr-mixed-1m1y-small-r60","PASS","Planned Archive Tier","0.64","0.64","0","0","PASS"
"sobr-mixed-1m1y-small-r60","PASS","File Type Size - Full","0.67","0.67","0","0","PASS"
"sobr-mixed-1m1y-small-r60","PASS","File Type Size - Incremental","0.03","0.03","0","0.08","PASS"
"sobr-mixed-1m1y-small-r60","PASS","File Type Size - SyntheticFull","0.03","0.03","0","0.08","PASS"
"sobr-copyonly-archive-gating","PASS","Planned Performance Tier","1.39","1.39","0","0","PASS"
"sobr-copyonly-archive-gating","PASS","Planned Capacity Tier","1.8","1.8","0","0","PASS"
"sobr-copyonly-archive-gating","PASS","Planned Archive Tier","0","0","0","0","PASS"
"sobr-copyonly-archive-gating","PASS","File Type Size - Full","0.67","0.67","0","0","PASS"
"sobr-copyonly-archive-gating","PASS","File Type Size - Incremental","0.03","0.03","0","0.08","PASS"
"sobr-copyonly-archive-gating","PASS","File Type Size - SyntheticFull","0.03","0.03","0","0.08","PASS"
"sobr-matrix-move-lt-retention","PASS","Planned Performance Tier","1.39","1.39","0","0","PASS"
"sobr-matrix-move-lt-retention","PASS","Planned Capacity Tier","1.1","1.1","0","0","PASS"
"sobr-matrix-move-lt-retention","PASS","Planned Archive Tier","0","0","0","0","PASS"
"sobr-matrix-move-lt-retention","PASS","File Type Size - Full","0.67","0.67","0","0","PASS"
"sobr-matrix-move-lt-retention","PASS","File Type Size - Incremental","0.03","0.03","0","0.08","PASS"
"sobr-matrix-move-lt-retention","PASS","File Type Size - SyntheticFull","0.03","0.03","0","0.08","PASS"
"sobr-matrix-move-eq-retention","PASS","Planned Performance Tier","1.39","1.39","0","0","PASS"
"sobr-matrix-move-eq-retention","PASS","Planned Capacity Tier","0","0","0","0","PASS"
"sobr-matrix-move-eq-retention","PASS","Planned Archive Tier","0","0","0","0","PASS"
"sobr-matrix-move-eq-retention","PASS","File Type Size - Full","0.67","0.67","0","0","PASS"
"sobr-matrix-move-eq-retention","PASS","File Type Size - Incremental","0.03","0.03","0","0.08","PASS"
"sobr-matrix-move-eq-retention","PASS","File Type Size - SyntheticFull","0.03","0.03","0","0.08","PASS"
"sobr-matrix-move-gt-retention","PASS","Planned Performance Tier","1.39","1.39","0","0","PASS"
"sobr-matrix-move-gt-retention","PASS","Planned Capacity Tier","0","0","0","0","PASS"
"sobr-matrix-move-gt-retention","PASS","Planned Archive Tier","0","0","0","0","PASS"
"sobr-matrix-move-gt-retention","PASS","File Type Size - Full","0.67","0.67","0","0","PASS"
"sobr-matrix-move-gt-retention","PASS","File Type Size - Incremental","0.03","0.03","0","0.08","PASS"
"sobr-matrix-move-gt-retention","PASS","File Type Size - SyntheticFull","0.03","0.03","0","0.08","PASS"
"sobr-matrix-move-zero","PASS","Planned Performance Tier","1.39","1.39","0","0","PASS"
"sobr-matrix-move-zero","PASS","Planned Capacity Tier","1.1","1.1","0","0","PASS"
"sobr-matrix-move-zero","PASS","Planned Archive Tier","0","0","0","0","PASS"
"sobr-matrix-move-zero","PASS","File Type Size - Full","0.67","0.67","0","0","PASS"
"sobr-matrix-move-zero","PASS","File Type Size - Incremental","0.03","0.03","0","0.08","PASS"
"sobr-matrix-move-zero","PASS","File Type Size - SyntheticFull","0.03","0.03","0","0.08","PASS"
"lb-das-retention-count","PASS","Planned Capacity","1.18","1.18","0","0","PASS"
"lb-das-retention-count","PASS","File Type Size - Full","0.5","0.5","0","0","PASS"
"lb-das-retention-count","PASS","File Type Size - Incremental","0.03","0.03","0","0","PASS"
"lb-das-retention-count","PASS","File Type Size - SyntheticFull","0.03","0.03","0","0","PASS"
"lb-das-sla-overrides-count","PASS","Planned Capacity","1.18","1.18","0","0","PASS"
"lb-das-sla-overrides-count","PASS","File Type Size - Full","0.5","0.5","0","0","PASS"
"lb-das-sla-overrides-count","PASS","File Type Size - Incremental","0.03","0.03","0","0","PASS"
"lb-das-sla-overrides-count","PASS","File Type Size - SyntheticFull","0.03","0.03","0","0","PASS"
"lb-das-gfs-preserves-chain","PASS","Planned Capacity","1.23","1.23","0","0","PASS"
"lb-das-gfs-preserves-chain","PASS","File Type Size - Full","0.5","0.5","0","0","PASS"
"lb-das-gfs-preserves-chain","PASS","File Type Size - Incremental","0.03","0.03","0","0","PASS"
"lb-das-gfs-preserves-chain","PASS","File Type Size - SyntheticFull","0.03","0.03","0","0","PASS"
"lb-gfs-expiry-order","PASS","Planned Capacity","1.23","1.23","0","0","PASS"
"lb-gfs-expiry-order","PASS","File Type Size - Full","0.5","0.5","0","0","PASS"
"lb-gfs-expiry-order","PASS","File Type Size - Incremental","0.03","0.03","0","0","PASS"
"lb-gfs-expiry-order","PASS","File Type Size - SyntheticFull","0.03","0.03","0","0","PASS"
"lb-gfs-monthly-boundary","PASS","Planned Capacity","1.63","1.63","0","0","PASS"
"lb-gfs-monthly-boundary","PASS","File Type Size - Full","0.5","0.5","0","0","PASS"
"lb-gfs-monthly-boundary","PASS","File Type Size - Incremental","0.03","0.03","0","0","PASS"
"lb-gfs-monthly-boundary","PASS","File Type Size - SyntheticFull","0.03","0.03","0","0","PASS"
"lb-gfs-yearly-boundary","PASS","Planned Capacity","2.36","2.36","0","0","PASS"
"lb-gfs-yearly-boundary","PASS","File Type Size - Full","0.5","0.5","0","0","PASS"
"lb-gfs-yearly-boundary","PASS","File Type Size - Incremental","0.03","0.03","0","0","PASS"
"lb-gfs-yearly-boundary","PASS","File Type Size - SyntheticFull","0.03","0.03","0","0","PASS"
"lb-gfs-stacking","PASS","Planned Capacity","2.98","2.98","0","0","PASS"
"lb-gfs-stacking","PASS","File Type Size - Full","0.5","0.5","0","0","PASS"
"lb-gfs-stacking","PASS","File Type Size - Incremental","0.03","0.03","0","0","PASS"
"lb-gfs-stacking","PASS","File Type Size - SyntheticFull","0.03","0.03","0","0","PASS"
"lb-sobr-offload-threshold","PASS","Planned Performance Tier","1.18","1.18","0","0","PASS"
"lb-sobr-offload-threshold","PASS","Planned Capacity Tier","0.65","0.65","0","0","PASS"
"lb-sobr-offload-threshold","PASS","Planned Archive Tier","0","0","0","0","PASS"
"lb-sobr-offload-threshold","PASS","File Type Size - Full","0.5","0.5","0","0","PASS"
"lb-sobr-offload-threshold","PASS","File Type Size - Incremental","0.03","0.03","0","0","PASS"
"lb-sobr-offload-threshold","PASS","File Type Size - SyntheticFull","0.03","0.03","0","0","PASS"
"lb-sobr-archive-threshold-move","PASS","Planned Performance Tier","1.18","1.18","0","0","PASS"
"lb-sobr-archive-threshold-move","PASS","Planned Capacity Tier","1.88","1.88","0","0","PASS"
"lb-sobr-archive-threshold-move","PASS","Planned Archive Tier","0","0","0","0","PASS"
"lb-sobr-archive-threshold-move","PASS","File Type Size - Full","0.5","0.5","0","0","PASS"
"lb-sobr-archive-threshold-move","PASS","File Type Size - Incremental","0.03","0.03","0","0","PASS"
"lb-sobr-archive-threshold-move","PASS","File Type Size - SyntheticFull","0.03","0.03","0","0","PASS"
"lb-sobr-archive-threshold-copy","PASS","Planned Performance Tier","1.18","1.18","0","0","PASS"
"lb-sobr-archive-threshold-copy","PASS","Planned Capacity Tier","2.05","2.05","0","0","PASS"
"lb-sobr-archive-threshold-copy","PASS","Planned Archive Tier","0","0","0","0","PASS"
"lb-sobr-archive-threshold-copy","PASS","File Type Size - Full","0.5","0.5","0","0","PASS"
"lb-sobr-archive-threshold-copy","PASS","File Type Size - Incremental","0.03","0.03","0","0","PASS"
"lb-sobr-archive-threshold-copy","PASS","File Type Size - SyntheticFull","0.03","0.03","0","0","PASS"
"lb-sobr-capacity-residue-after-archive","PASS","Planned Performance Tier","1.18","1.18","0","0","PASS"
"lb-sobr-capacity-residue-after-archive","PASS","Planned Capacity Tier","1.35","1.35","0","0","PASS"
"lb-sobr-capacity-residue-after-archive","PASS","Planned Archive Tier","0","0","0","0","PASS"
"lb-sobr-capacity-residue-after-archive","PASS","File Type Size - Full","0.5","0.5","0","0","PASS"
"lb-sobr-capacity-residue-after-archive","PASS","File Type Size - Incremental","0.03","0.03","0","0","PASS"
"lb-sobr-capacity-residue-after-archive","PASS","File Type Size - SyntheticFull","0.03","0.03","0","0","PASS"
"lb-perf-prune-ordering","PASS","Planned Performance Tier","1.18","1.18","0","0","PASS"
"lb-perf-prune-ordering","PASS","Planned Capacity Tier","0.65","0.65","0","0","PASS"
"lb-perf-prune-ordering","PASS","Planned Archive Tier","0","0","0","0","PASS"
"lb-perf-prune-ordering","PASS","File Type Size - Full","0.5","0.5","0","0","PASS"
"lb-perf-prune-ordering","PASS","File Type Size - Incremental","0.03","0.03","0","0","PASS"
"lb-perf-prune-ordering","PASS","File Type Size - SyntheticFull","0.03","0.03","0","0","PASS"
"ti-das-3yr-gfs-wmy","PASS","Planned Capacity","3.24","3.24","0","0","PASS"
"ti-das-3yr-gfs-wmy","PASS","File Type Size - Full","0.58","0.58","0","0","PASS"
"ti-das-3yr-gfs-wmy","PASS","File Type Size - Incremental","0.03","0.03","0","0.14","PASS"
"ti-das-3yr-gfs-wmy","PASS","File Type Size - SyntheticFull","0.03","0.03","0","0.14","PASS"
"ti-sobr-move-3yr","PASS","Planned Performance Tier","1.21","1.21","0","0","PASS"
"ti-sobr-move-3yr","PASS","Planned Capacity Tier","1.63","1.63","0","0","PASS"
"ti-sobr-move-3yr","PASS","Planned Archive Tier","0.8","0.8","0","0","PASS"
"ti-sobr-move-3yr","PASS","File Type Size - Full","0.58","0.58","0","0","PASS"
"ti-sobr-move-3yr","PASS","File Type Size - Incremental","0.03","0.03","0","0.14","PASS"
"ti-sobr-move-3yr","PASS","File Type Size - SyntheticFull","0.03","0.03","0","0.14","PASS"
"ti-sobr-copy-3yr","PASS","Planned Performance Tier","1.28","1.28","0","0","PASS"
"ti-sobr-copy-3yr","PASS","Planned Capacity Tier","1.51","1.51","0","0","PASS"
"ti-sobr-copy-3yr","PASS","Planned Archive Tier","0.8","0.8","0","0","PASS"
"ti-sobr-copy-3yr","PASS","File Type Size - Full","0.58","0.58","0","0","PASS"
"ti-sobr-copy-3yr","PASS","File Type Size - Incremental","0.03","0.03","0","0.14","PASS"
"ti-sobr-copy-3yr","PASS","File Type Size - SyntheticFull","0.03","0.03","0","0.14","PASS"
"ti-sobr-gfs-archive-5yr","PASS","Planned Performance Tier","1.28","1.28","0","0","PASS"
"ti-sobr-gfs-archive-5yr","PASS","Planned Capacity Tier","2.4","2.4","0","0","PASS"
"ti-sobr-gfs-archive-5yr","PASS","Planned Archive Tier","2.13","2.13","0","0","PASS"
"ti-sobr-gfs-archive-5yr","PASS","File Type Size - Full","0.58","0.58","0","0","PASS"
"ti-sobr-gfs-archive-5yr","PASS","File Type Size - Incremental","0.03","0.03","0","0.14","PASS"
"ti-sobr-gfs-archive-5yr","PASS","File Type Size - SyntheticFull","0.03","0.03","0","0.14","PASS"
"ti-das-sla-minimum-5yr","PASS","Planned Capacity","3.24","3.24","0","0","PASS"
"ti-das-sla-minimum-5yr","PASS","File Type Size - Full","0.58","0.58","0","0","PASS"
"ti-das-sla-minimum-5yr","PASS","File Type Size - Incremental","0.03","0.03","0","0.14","PASS"
"ti-das-sla-minimum-5yr","PASS","File Type Size - SyntheticFull","0.03","0.03","0","0.14","PASS"
"ti-das-chain-rp-drift-3yr","PASS","Planned Capacity","3.24","3.24","0","0","PASS"
"ti-das-chain-rp-drift-3yr","PASS","File Type Size - Full","0.58","0.58","0","0","PASS"
"ti-das-chain-rp-drift-3yr","PASS","File Type Size - Incremental","0.03","0.03","0","0.14","PASS"
"ti-das-chain-rp-drift-3yr","PASS","File Type Size - SyntheticFull","0.03","0.03","0","0.14","PASS"
"ti-sobr-move-chain-rp-drift-3yr","PASS","Planned Performance Tier","1.21","1.21","0","0","PASS"
"ti-sobr-move-chain-rp-drift-3yr","PASS","Planned Capacity Tier","1.63","1.63","0","0","PASS"
"ti-sobr-move-chain-rp-drift-3yr","PASS","Planned Archive Tier","0.8","0.8","0","0","PASS"
"ti-sobr-move-chain-rp-drift-3yr","PASS","File Type Size - Full","0.58","0.58","0","0","PASS"
"ti-sobr-move-chain-rp-drift-3yr","PASS","File Type Size - Incremental","0.03","0.03","0","0.14","PASS"
"ti-sobr-move-chain-rp-drift-3yr","PASS","File Type Size - SyntheticFull","0.03","0.03","0","0.14","PASS"
"ti-das-high-retention-drift-3yr","PASS","Planned Capacity","3.85","3.85","0","0","PASS"
"ti-das-high-retention-drift-3yr","PASS","File Type Size - Full","0.58","0.58","0","0","PASS"
"ti-das-high-retention-drift-3yr","PASS","File Type Size - Incremental","0.03","0.03","0","0.14","PASS"
"ti-das-high-retention-drift-3yr","PASS","File Type Size - SyntheticFull","0.03","0.03","0","0.14","PASS"
"im-perf-immutability-blocks-prune","PASS","Planned Performance Tier","1.18","1.18","0","0","PASS"
"im-perf-immutability-blocks-prune","PASS","Planned Capacity Tier","0.65","0.65","0","0","PASS"
"im-perf-immutability-blocks-prune","PASS","Planned Archive Tier","0","0","0","0","PASS"
"im-perf-immutability-blocks-prune","PASS","File Type Size - Full","0.5","0.5","0","0","PASS"
"im-perf-immutability-blocks-prune","PASS","File Type Size - Incremental","0.03","0.03","0","0","PASS"
"im-perf-immutability-blocks-prune","PASS","File Type Size - SyntheticFull","0.03","0.03","0","0","PASS"
"im-cap-immutability-blocks-deletion","PASS","Planned Performance Tier","1.18","1.18","0","0","PASS"
"im-cap-immutability-blocks-deletion","PASS","Planned Capacity Tier","0.65","0.65","0","0","PASS"
"im-cap-immutability-blocks-deletion","PASS","Planned Archive Tier","0","0","0","0","PASS"
"im-cap-immutability-blocks-deletion","PASS","File Type Size - Full","0.5","0.5","0","0","PASS"
"im-cap-immutability-blocks-deletion","PASS","File Type Size - Incremental","0.03","0.03","0","0","PASS"
"im-cap-immutability-blocks-deletion","PASS","File Type Size - SyntheticFull","0.03","0.03","0","0","PASS"
"im-arch-immutability-blocks-deletion","PASS","Planned Performance Tier","1.18","1.18","0","0","PASS"
"im-arch-immutability-blocks-deletion","PASS","Planned Capacity Tier","1.18","1.18","0","0","PASS"
"im-arch-immutability-blocks-deletion","PASS","Planned Archive Tier","0","0","0","0","PASS"
"im-arch-immutability-blocks-deletion","PASS","File Type Size - Full","0.5","0.5","0","0","PASS"
"im-arch-immutability-blocks-deletion","PASS","File Type Size - Incremental","0.03","0.03","0","0","PASS"
"im-arch-immutability-blocks-deletion","PASS","File Type Size - SyntheticFull","0.03","0.03","0","0","PASS"
"im-gen-window-boundary","PASS","Planned Performance Tier","1.18","1.18","0","0","PASS"
"im-gen-window-boundary","PASS","Planned Capacity Tier","0.65","0.65","0","0","PASS"
"im-gen-window-boundary","PASS","Planned Archive Tier","0","0","0","0","PASS"
"im-gen-window-boundary","PASS","File Type Size - Full","0.5","0.5","0","0","PASS"
"im-gen-window-boundary","PASS","File Type Size - Incremental","0.03","0.03","0","0","PASS"
"im-gen-window-boundary","PASS","File Type Size - SyntheticFull","0.03","0.03","0","0","PASS"
"im-gen-deleteon-extended-by-gfs","PASS","Planned Performance Tier","1.18","1.18","0","0","PASS"
"im-gen-deleteon-extended-by-gfs","PASS","Planned Capacity Tier","1.05","1.05","0","0","PASS"
"im-gen-deleteon-extended-by-gfs","PASS","Planned Archive Tier","0","0","0","0","PASS"
"im-gen-deleteon-extended-by-gfs","PASS","File Type Size - Full","0.5","0.5","0","0","PASS"
"im-gen-deleteon-extended-by-gfs","PASS","File Type Size - Incremental","0.03","0.03","0","0","PASS"
"im-gen-deleteon-extended-by-gfs","PASS","File Type Size - SyntheticFull","0.03","0.03","0","0","PASS"
"im-gen-state-transitions","PASS","Planned Performance Tier","1.18","1.18","0","0","PASS"
"im-gen-state-transitions","PASS","Planned Capacity Tier","0.65","0.65","0","0","PASS"
"im-gen-state-transitions","PASS","Planned Archive Tier","0","0","0","0","PASS"
"im-gen-state-transitions","PASS","File Type Size - Full","0.5","0.5","0","0","PASS"
"im-gen-state-transitions","PASS","File Type Size - Incremental","0.03","0.03","0","0","PASS"
"im-gen-state-transitions","PASS","File Type Size - SyntheticFull","0.03","0.03","0","0","PASS"
"im-all-tiers-immutability","PASS","Planned Performance Tier","1.18","1.18","0","0","PASS"
"im-all-tiers-immutability","PASS","Planned Capacity Tier","1.18","1.18","0","0","PASS"
"im-all-tiers-immutability","PASS","Planned Archive Tier","0","0","0","0","PASS"
"im-all-tiers-immutability","PASS","File Type Size - Full","0.5","0.5","0","0","PASS"
"im-all-tiers-immutability","PASS","File Type Size - Incremental","0.03","0.03","0","0","PASS"
"im-all-tiers-immutability","PASS","File Type Size - SyntheticFull","0.03","0.03","0","0","PASS"
"ix-gfs-wmy-move-archive","PASS","Planned Performance Tier","1.18","1.18","0","0","PASS"
"ix-gfs-wmy-move-archive","PASS","Planned Capacity Tier","2.08","2.08","0","0","PASS"
"ix-gfs-wmy-move-archive","PASS","Planned Archive Tier","1.76","1.76","0","0","PASS"
"ix-gfs-wmy-move-archive","PASS","File Type Size - Full","0.5","0.5","0","0","PASS"
"ix-gfs-wmy-move-archive","PASS","File Type Size - Incremental","0.03","0.03","0","0","PASS"
"ix-gfs-wmy-move-archive","PASS","File Type Size - SyntheticFull","0.03","0.03","0","0","PASS"
"ix-gfs-wmy-copy-archive","PASS","Planned Performance Tier","1.18","1.18","0","0","PASS"
"ix-gfs-wmy-copy-archive","PASS","Planned Capacity Tier","1.92","1.93","0","0","PASS"
"ix-gfs-wmy-copy-archive","PASS","Planned Archive Tier","1.75","1.75","0","0","PASS"
"ix-gfs-wmy-copy-archive","PASS","File Type Size - Full","0.5","0.5","0","0","PASS"
"ix-gfs-wmy-copy-archive","PASS","File Type Size - Incremental","0.03","0.03","0","0","PASS"
"ix-gfs-wmy-copy-archive","PASS","File Type Size - SyntheticFull","0.03","0.03","0","0","PASS"
"ix-gfs-wmy-copy-archive-immutability","PASS","Planned Performance Tier","1.18","1.18","0","0","PASS"
"ix-gfs-wmy-copy-archive-immutability","PASS","Planned Capacity Tier","1.92","1.93","0","0","PASS"
"ix-gfs-wmy-copy-archive-immutability","PASS","Planned Archive Tier","1.75","1.75","0","0","PASS"
"ix-gfs-wmy-copy-archive-immutability","PASS","File Type Size - Full","0.5","0.5","0","0","PASS"
"ix-gfs-wmy-copy-archive-immutability","PASS","File Type Size - Incremental","0.03","0.03","0","0","PASS"
"ix-gfs-wmy-copy-archive-immutability","PASS","File Type Size - SyntheticFull","0.03","0.03","0","0","PASS"
"ix-gfs-monthly-move-immutability","PASS","Planned Performance Tier","1.15","1.15","0","0","PASS"
"ix-gfs-monthly-move-immutability","PASS","Planned Capacity Tier","1.66","1.66","0","0","PASS"
"ix-gfs-monthly-move-immutability","PASS","Planned Archive Tier","0","0","0","0","PASS"
"ix-gfs-monthly-move-immutability","PASS","File Type Size - Full","0.5","0.5","0","0","PASS"
"ix-gfs-monthly-move-immutability","PASS","File Type Size - Incremental","0.03","0.03","0","0","PASS"
"ix-gfs-monthly-move-immutability","PASS","File Type Size - SyntheticFull","0.03","0.03","0","0","PASS"
"ix-short-retention-long-gfs","PASS","Planned Capacity","3.15","3.15","0","0","PASS"
"ix-short-retention-long-gfs","PASS","File Type Size - Full","0.5","0.5","0","0","PASS"
"ix-short-retention-long-gfs","PASS","File Type Size - Incremental","0.03","0.03","0","0","PASS"
"ix-short-retention-long-gfs","PASS","File Type Size - SyntheticFull","0.03","0.03","0","0","PASS"
"ix-high-gen-period","PASS","Planned Performance Tier","1.15","1.15","0","0","PASS"
"ix-high-gen-period","PASS","Planned Capacity Tier","2.18","2.18","0","0","PASS"
"ix-high-gen-period","PASS","Planned Archive Tier","0","0","0","0","PASS"
"ix-high-gen-period","PASS","File Type Size - Full","0.5","0.5","0","0","PASS"
"ix-high-gen-period","PASS","File Type Size - Incremental","0.03","0.03","0","0","PASS"
"ix-high-gen-period","PASS","File Type Size - SyntheticFull","0.03","0.03","0","0","PASS"
"ix-copy-move-combo","PASS","Planned Performance Tier","1.15","1.15","0","0","PASS"
"ix-copy-move-combo","PASS","Planned Capacity Tier","1.27","1.27","0","0","PASS"
"ix-copy-move-combo","PASS","Planned Archive Tier","0.43","0.43","0","0","PASS"
"ix-copy-move-combo","PASS","File Type Size - Full","0.5","0.5","0","0","PASS"
"ix-copy-move-combo","PASS","File Type Size - Incremental","0.03","0.03","0","0","PASS"
"ix-copy-move-combo","PASS","File Type Size - SyntheticFull","0.03","0.03","0","0","PASS"
"ix-no-gfs-long-archive","PASS","Planned Performance Tier","1.18","1.18","0","0","PASS"
"ix-no-gfs-long-archive","PASS","Planned Capacity Tier","1","1","0","0","PASS"
"ix-no-gfs-long-archive","PASS","Planned Archive Tier","0","0","0","0","PASS"
"ix-no-gfs-long-archive","PASS","File Type Size - Full","0.5","0.5","0","0","PASS"
"ix-no-gfs-long-archive","PASS","File Type Size - Incremental","0.03","0.03","0","0","PASS"
"ix-no-gfs-long-archive","PASS","File Type Size - SyntheticFull","0.03","0.03","0","0","PASS"
"ix-retention-variant-r7","PASS","Planned Performance Tier","1.15","1.15","0","0","PASS"
"ix-retention-variant-r7","PASS","Planned Capacity Tier","0.83","0.83","0","0","PASS"
"ix-retention-variant-r7","PASS","Planned Archive Tier","0.88","0.88","0","0","PASS"
"ix-retention-variant-r7","PASS","File Type Size - Full","0.5","0.5","0","0","PASS"
"ix-retention-variant-r7","PASS","File Type Size - Incremental","0.03","0.03","0","0","PASS"
"ix-retention-variant-r7","PASS","File Type Size - SyntheticFull","0.03","0.03","0","0","PASS"
"ix-retention-variant-r60","PASS","Planned Performance Tier","1.18","1.18","0","0","PASS"
"ix-retention-variant-r60","PASS","Planned Capacity Tier","2.08","2.08","0","0","PASS"
"ix-retention-variant-r60","PASS","Planned Archive Tier","1.76","1.76","0","0","PASS"
"ix-retention-variant-r60","PASS","File Type Size - Full","0.5","0.5","0","0","PASS"
"ix-retention-variant-r60","PASS","File Type Size - Incremental","0.03","0.03","0","0","PASS"
"ix-retention-variant-r60","PASS","File Type Size - SyntheticFull","0.03","0.03","0","0","PASS"
"ix-high-change-rate-drift-2yr","PASS","Planned Capacity","7.14","7.14","0","0","PASS"
"ix-high-change-rate-drift-2yr","PASS","File Type Size - Full","0.5","0.5","0","0","PASS"
"ix-high-change-rate-drift-2yr","PASS","File Type Size - Incremental","0.2","0.2","0","0","PASS"
"ix-high-change-rate-drift-2yr","PASS","File Type Size - SyntheticFull","0.2","0.2","0","0","PASS"
"ix-short-retention-drift-3yr","PASS","Planned Capacity","1.97","1.97","0","0","PASS"
"ix-short-retention-drift-3yr","PASS","File Type Size - Full","0.5","0.5","0","0","PASS"
"ix-short-retention-drift-3yr","PASS","File Type Size - Incremental","0.03","0.03","0","0","PASS"
"ix-short-retention-drift-3yr","PASS","File Type Size - SyntheticFull","0.03","0.03","0","0","PASS"
"ix-policy-change-mid-run","PASS","Planned Capacity","1.63","1.63","0","0","PASS"
"ix-policy-change-mid-run","PASS","File Type Size - Full","0.5","0.5","0","0","PASS"
"ix-policy-change-mid-run","PASS","File Type Size - Incremental","0.03","0.03","0","0","PASS"
"ix-policy-change-mid-run","PASS","File Type Size - SyntheticFull","0.03","0.03","0","0","PASS"
"ix-gfs-only-policy","PASS","Planned Capacity","26.22","26.23","0","0","PASS"
"ix-gfs-only-policy","PASS","File Type Size - Full","0.5","0.5","0","0","PASS"
"ix-gfs-only-policy","PASS","File Type Size - Incremental","0.03","0.03","0","0","PASS"
"ix-gfs-only-policy","PASS","File Type Size - SyntheticFull","0.03","0.03","0","0","PASS"
"ix-two-jobs-one-repo","PASS","Planned Capacity","1.55","1.55","0","0","PASS"
"ix-two-jobs-one-repo","PASS","File Type Size - Full","0.5","0.5","0","0","PASS"
"ix-two-jobs-one-repo","PASS","File Type Size - Incremental","0.03","0.03","0","0","PASS"
"ix-two-jobs-one-repo","PASS","File Type Size - SyntheticFull","0.03","0.03","0","0","PASS"
"od-weekly-gfs-cardinality-exact","PASS","Planned Capacity","1.65","1.65","0","0","PASS"
"od-weekly-gfs-cardinality-exact","PASS","File Type Size - Full","0.5","0.5","0","0","PASS"
"od-weekly-gfs-cardinality-exact","PASS","File Type Size - Incremental","0.03","0.03","0","0","PASS"
"od-weekly-gfs-cardinality-exact","PASS","File Type Size - SyntheticFull","0.03","0.03","0","0","PASS"
"od-monthly-yearly-cardinality-exact","PASS","Planned Capacity","2.93","2.93","0","0","PASS"
"od-monthly-yearly-cardinality-exact","PASS","File Type Size - Full","0.5","0.5","0","0","PASS"
"od-monthly-yearly-cardinality-exact","PASS","File Type Size - Incremental","0.03","0.03","0","0","PASS"
"od-monthly-yearly-cardinality-exact","PASS","File Type Size - SyntheticFull","0.03","0.03","0","0","PASS"
"od-tier-residency-per-point","PASS","Planned Performance Tier","1.18","1.18","0","0","PASS"
"od-tier-residency-per-point","PASS","Planned Capacity Tier","1.18","1.18","0","0","PASS"
"od-tier-residency-per-point","PASS","Planned Archive Tier","0","0","0","0","PASS"
"od-tier-residency-per-point","PASS","File Type Size - Full","0.5","0.5","0","0","PASS"
"od-tier-residency-per-point","PASS","File Type Size - Incremental","0.03","0.03","0","0","PASS"
"od-tier-residency-per-point","PASS","File Type Size - SyntheticFull","0.03","0.03","0","0","PASS"
"od-gen-lifecycle-states","PASS","Planned Performance Tier","1.18","1.18","0","0","PASS"
"od-gen-lifecycle-states","PASS","Planned Capacity Tier","1.18","1.18","0","0","PASS"
"od-gen-lifecycle-states","PASS","Planned Archive Tier","0","0","0","0","PASS"
"od-gen-lifecycle-states","PASS","File Type Size - Full","0.5","0.5","0","0","PASS"
"od-gen-lifecycle-states","PASS","File Type Size - Incremental","0.03","0.03","0","0","PASS"
"od-gen-lifecycle-states","PASS","File Type Size - SyntheticFull","0.03","0.03","0","0","PASS"
"od-chain-phase-transitions","PASS","Planned Performance Tier","1.18","1.18","0","0","PASS"
"od-chain-phase-transitions","PASS","Planned Capacity Tier","0.82","0.82","0","0","PASS"
"od-chain-phase-transitions","PASS","Planned Archive Tier","0","0","0","0","PASS"
"od-chain-phase-transitions","PASS","File Type Size - Full","0.5","0.5","0","0","PASS"
"od-chain-phase-transitions","PASS","File Type Size - Incremental","0.03","0.03","0","0","PASS"
"od-chain-phase-transitions","PASS","File Type Size - SyntheticFull","0.03","0.03","0","0","PASS"
"od-sobr-copy-full-lifecycle","PASS","Planned Performance Tier","1.18","1.18","0","0","PASS"
"od-sobr-copy-full-lifecycle","PASS","Planned Capacity Tier","1.23","1.23","0","0","PASS"
"od-sobr-copy-full-lifecycle","PASS","Planned Archive Tier","0.7","0.7","0","0","PASS"
"od-sobr-copy-full-lifecycle","PASS","File Type Size - Full","0.5","0.5","0","0","PASS"
"od-sobr-copy-full-lifecycle","PASS","File Type Size - Incremental","0.03","0.03","0","0","PASS"
"od-sobr-copy-full-lifecycle","PASS","File Type Size - SyntheticFull","0.03","0.03","0","0","PASS"
